codigo_movimento;descricao_movimento;situacao
0;NADA;A
1;Magistrado;A
3;Decisão;A
7;Conversão;A
11;Declaração;A
14;Serventuário;A
15;Contador;A
16;Cálculo;A
18;Distribuidor;A
22;Baixa Definitiva;A
25;Suspensão ou Sobrestamento;A
26;Distribuição;A
36;Redistribuição;A
48;Escrivão/Diretor de Secretaria/Secretário Jurídico;A
51;Conclusão;A
60;Expedição de documento;A
67;Juntada;A
83;Cancelamento da distribuição;A
85;Petição;A
92;Publicação;A
104;Oficial de Justiça;A
105;Devolução;A
106;Mandado;A
108;Decretação de Prisão Criminal;A
112;Ofício;A
113;Decretação de Prisão Civil;A
115;Recebimento;A
117;Decretação de Internação;A
118;Protocolo de Petição;A
122;Desacolhimento de Prisão;A
123;Remessa;A
128;Prisão;A
132;Recebimento;A
133;Acolhimento de exceção;A
135;Apensamento;A
137;Desapensamento;A
138;Rejeição;A
151;Concessão de efeito suspensivo;A
157;Revogação;A
160;Recebimento;A
163;Não-Recebimento;A
172;Deliberação da partilha;A
175;Prisão em flagrante;A
190;Reforma de decisão anterior;A
193;Julgamento;A
196;Extinção da execução ou do cumprimento da sentença;A
200;Não-Acolhimento de Embargos de Declaração;A
202;Decretação de falência;A
206;Admissão;A
207;Não-Admissão;A
208;Não-Decretação de Falência;A
210;Concessão;A
212;Denegação;A
214;Concessão em Parte;A
218;Sem Resolução de Mérito;A
219;Procedência;A
220;Improcedência;A
221;Procedência em Parte;A
228;Arquivamento;A
230;Recurso prejudicado;A
235;Não Conhecimento de recurso;A
236;Negação de Seguimento;A
237;Provimento;A
238;Provimento em Parte;A
239;Não-Provimento;A
240;Conhecimento em Parte e Provimento ou Concessão;A
241;Conhecimento em Parte e Provimento em Parte ou Concessão em Parte;A
242;Conhecimento em Parte e Não-Provimento ou Denegação;A
245;Provisório;A
246;Definitivo;A
263;Réu revel citado por edital ;A
264;Suspensão Condicional do Processo;A
265;Recurso Extraordinário com repercussão geral;A
268;Morte ou perda da capacidade;A
272;A depender do julgamento de outra causa, de outro juízo ou declaração incidente;A
275;Força maior;A
276;Execução frustrada;A
277;Convenção das Partes para Satisfação Voluntária da Obrigação em Execução ou Cumprimento de Sentença;A
311;Leilão ou Praça;A
313;Sessão do Tribunal do Júri;A
332;Tutela Provisória;A
334;Gratuidade da Justiça;A
335;de pré-executividade;A
339;Liminar;A
347;Tutela Provisória;A
348;Liminar;A
349;Gratuidade de Justiça;A
352;Temporária;A
353;Preventiva;A
354;Alimentos;A
357;Temporária;A
358;Preventiva;A
371;Incompetência;A
373;Exceção de Impedimento ou Suspeição;A
374;Exceção de incompetência;A
378;Homologação;A
381;Recurso;A
383;Impugnação ao cumprimento de sentença;A
385;Com Resolução do Mérito;A
388;Aditamento da denúncia;A
389;Aditamento da queixa;A
391;Denúncia;A
393;Queixa;A
394;Com efeito suspensivo;A
399;Aditamento da denúncia;A
400;Aditamento da queixa;A
402;Denúncia;A
404;Queixa;A
429;Recurso extraordinário;A
430;Recurso especial;A
431;Recurso de revista;A
432;Recurso Extraordinário;A
433;Recurso Especial;A
434;Recurso de Revista;A
442;Segurança;A
443;Habeas corpus;A
444;Habeas data;A
445;Mandado de injunção;A
446;Segurança;A
447;Habeas corpus;A
448;Habeas data;A
449;Mandado de injunção;A
450;Segurança;A
451;Habeas corpus;A
452;Habeas data;A
453;Mandado de injunção;A
454;Indeferimento da petição inicial;A
455;Renúncia ao direito pelo autor;A
456;Extinção;A
457;Paralisação por negligência das partes;A
458;Abandono da causa;A
459;Ausência de pressupostos processuais;A
460;Perempção, litispendência ou coisa julgada;A
461;Ausência das condições da ação;A
462;Convenção de arbitragem;A
463;Desistência;A
464;Ação intransmissível;A
466;Homologação de Transação;A
471;Pronúncia de Decadência ou Prescrição;A
472;Sumaríssimo (art. 852-B, § 1º/CLT);A
473;Ausência do Reclamante;A
478;Cálculo de Liquidação;A
479;Custas;A
480;Atualização de conta;A
481;Tributos;A
488;Cancelamento de Distribuição;A
493;Entrega em carga/vista;A
785;Tutela Provisória;A
787;Gratuidade da Justiça;A
788;Exceção de pré-executividade;A
792;Liminar;A
804;Recurso;A
817;Concessão;A
818;Liberdade provisória;A
819;Livramento Condicional;A
821;Pena / Medida;A
823;Provisória;A
848;Trânsito em julgado;A
849;Reativação;A
853;Conversão de Agravo de Instrumento em Recurso Especial ou Extraordinário;A
861;Arquivamento;A
865;Arquivista;A
866;Guarda Intermediária;A
867;Guarda Permanente;A
869;Entrega definitiva dos autos;A
870;Autos Eliminados;A
871;Acolhimento em parte de Embargos de Declaração;A
884;Transação Penal;A
888;Concessão em parte;A
889;Tutela Provisória;A
892;Liminar;A
893;Desarquivamento;A
898;Por decisão judicial;A
901;Negação Monocrática de Provimento;A
905;de estrangeiro para deportação, expulsão ou extradição;A
928;Republicação;A
940;Impedimento ou Suspeição;A
941;Incompetência;A
944;Desistência de Recurso;A
945;Decisão anterior;A
961;Suscitação de Conflito de Competência;A
968;Não-Concessão;A
970;Audiência;A
972;Provimento Monocrático;A
973;Extinção da Punibilidade ou da Pena;A
977;Recebimento;A
978;Remessa;A
979;Recebimento;A
980;Remessa;A
981;Recebimento;A
982;Remessa;A
985;Mandado;A
987;Ofício;A
988;Permissão de saída;A
990;Direito de visita;A
1002;Progressão de regime;A
1003;Remição;A
1004;Livramento Condicional;A
1008;Autorização;A
1009;Trabalho Externo;A
1010;Saída Temporária;A
1011;Inclusão em Regime Disciplinar Diferenciado;A
1013;Determinação;A
1014;Regressão de Regime;A
1016;Suspensão Condicional da Pena;A
1017;Suspensão Condicional da Pena;A
1018;Transferência para outro Estabelecimento Penal;A
1019;Transferência da Execução da Pena;A
1042;Morte do agente;A
1043;Anistia, graça ou indulto;A
1044;Retroatividade de lei;A
1046;Renúncia do queixoso ou perdão aceito ;A
1047;Retratação do agente;A
1048;Perdão judicial;A
1049;Pagamento integral do débito;A
1050;Cumprimento da Pena;A
1051;Decurso de Prazo;A
1052;Bens Apreendidos;A
1053;Destinação;A
1054;Destinação Parcial;A
1055;Cadastramento;A
1059;Sem efeito suspensivo;A
1060;Recurso;A
1061;Disponibilização no Diário da Justiça Eletrônico;A
1062;Redisponibilização no Diário da Justiça Eletrônico;A
1063;Determinação de arquivamento de procedimentos investigatórios;A
10953;Pronúncia;A
10961;Impronúncia;A
10962;Regressão de Medida Sócio-Educativa;A
10964;Extinção por Cumprimento de Medida Sócio-Educativa;A
11003;Início do Cumprimento da Transação Penal;A
11008;Desmembramento de Feitos;A
11009;Despacho;A
11012;Conflito de Competência;A
11016;Exceção da Verdade;A
11017;Incidente de Insanidade Mental;A
11018;Recebimento de Embargos à Execução;A
11019;Ordenação de entrega de autos;A
11020;Requisição de Informações;A
11021;Conversão;A
11022;Julgamento em Diligência;A
11023;Concessão;A
11024;Assistência Judiciária Gratuita;A
11025;Suspensão ou Sobrestamento;A
11373;Anulação de sentença/acórdão;A
11374;Devedor não encontrado;A
11375;Inexistência de bens penhoráveis;A
11376;Ausência do autor à audiência;A
11377;Inadmissibilidade do procedimento sumaríssimo;A
11378;Incompetência territorial;A
11379;Incompetência em razão da pessoa;A
11380;Autor falecido e sem habilitação de sucessores;A
11381;Ausência de citação de sucessores do réu falecido;A
11382;Bloqueio/penhora on line;A
11384;Liquidação iniciada;A
11385;Execução/Cumprimento de Sentença Iniciada (o);A
11393;Sanção;A
11395;Remissão ao Adolescente como Forma de Suspensão do Processo;A
11401;Procedência do pedido e procedência do pedido contraposto;A
11402;Procedência do pedido e procedência em parte do pedido contraposto;A
11403;Procedência do pedido e improcedência do pedido contraposto;A
11404;Procedência em parte do pedido e procedência do pedido contraposto;A
11405;Procedência em parte do pedido e procedência em parte do pedido contraposto;A
11406;Procedência em parte do pedido e improcedência do pedido contraposto;A
11407;Improcedência do pedido e procedência do pedido contraposto;A
11408;Improcedência do pedido e procedência em parte do pedido contraposto;A
11409;Improcedência do pedido e improcedência do pedido contraposto;A
11411;Cumprimento da suspensão condicional do processo;A
11415;Comutação da pena;A
11423;Medida protetiva;A
11424;Medida protetiva;A
11426;Medida protetiva;A
11554;Indulto;A
11792;Livramento Condicional;A
11795;Procedência do Pedido - Reconhecimento pelo réu;A
11796;Declaração de competência em conflito;A
11801;Reparação do dano;A
11876;Absolvição Sumária do art. 397-CPP;A
11877;Absolvição sumária - crimes dolosos contra a vida;A
11878;Prescrição;A
11879;Decadência ou perempção;A
11975;Recurso Especial repetitivo;A
11983;Retificação de movimento;A
12028;Cumprimento de transação penal;A
12032;Exequatur;A
12033;Sentença Estrangeira;A
12034;Exequatur;A
12035;Representação por ato infracional;A
12036;Representação por ato infracional;A
12037;Quebra de sigilo fiscal;A
12038;Quebra de sigilo bancário;A
12039;Quebra de sigilo telemático;A
12040;Indisponibilidade de bens;A
12041;Recuperação judicial;A
12066;Cumprimento de Levantamento da Suspensão ;A
12092;Afetação ao rito dos recursos repetitivos ;A
12094;Incidente de Resolução de demandas repetitivas (art. 981 e 982);A
12095;Incidente de resolução de demandas repetitivas;A
12096;Incidente de assunção de competência;A
12097;Incidente de assunção de competência ;A
12098;Incidente de Resolução de Demandas Repetitivas ;A
12099;Por decisão do Presidente do STJ - SIRDR;A
12100;Por decisão do Presidente do STF  - SIRDR;A
12103;Pauta;A
12104;Inclusão em pauta;A
12105;Inclusão em Pauta de Sessão Virtual;A
12106;Adiamento do Julgamento para a Primeira Sessão Seguinte;A
12107;Para análise de repercussão geral;A
12108;Para análise de repercussão geral;A
12109;Para análise da admissão do recurso repetitivo ;A
12110;Para análise da admissão do recurso repetitivo ;A
12111;Para análise da admissão do IRDR;A
12112;Para análise da admissão do IRDR;A
12113;Para análise da admissão do IAC;A
12114;Para análise da admissão do IAC;A
12115;Para Julgamento;A
12116;Para Julgamento;A
12140;Prisão em Flagrante em Prisão Preventiva;A
12141;Relaxamento do Flagrante;A
12142;Mudança de Parte;A
12143;Mudança de Assunto Processual;A
12144;Unificação e Soma de Penas;A
12145;Detração/Remição;A
12146;Liberdade Provisória;A
12147;Domiciliar;A
12148;Prisão Domiciliar;A
12149;Detração/Remição da Pena;A
12150;Impedimento;A
12151;Suspeição;A
12164;Outras Decisões;A
12165;Requisição de Pagamento;A
12166;Precatório;A
12167;Enviada ao Tribunal;A
12168;Preparada para Envio;A
12169;Paga;A
12170;Cancelada;A
12171;Retificado;A
12172;Suspensão;A
12173;Pequeno Valor;A
12174;Enviada ao Tribunal/Ente Devedor;A
12175;Preparada para Envio;A
12176;Paga;A
12177;Cancelada;A
12178;Retificada;A
12179;Suspensão;A
12180;Prestação de Serviços à Comunidade;A
12181;Reparação do Dano;A
12182;Liberdade Assistida;A
12183;Justiça Restaurativa;A
12185;Decisão Interlocutória de Mérito;A
12186;Cancelamento de Distribuição;A
12187;Homologação de Decisão de Juiz Leigo;A
12188;Recambiamento de Preso;A
12189;Entrega de Documento;A
12198;Deliberado em Sessão;A
12199;Julgado;A
12200;Mérito;A
12201;Liminar;A
12202;Questão de Ordem;A
12203;Adiado;A
12204;Pedido de Vista;A
12205;Retirado;A
12206;Ratificação;A
12207;Liminar;A
12208;Não-Ratificação;A
12209;Liminar;A
12210;Ratificação em Parte;A
12211;Liminar;A
12212;Prorrogação de PAD;A
12213;Decisão Monocrática;A
12214;Processo Encaminhado;A
12215;Processo devolvido à Secretaria;A
12252;Sentença confirmada;A
12253;Sentença confirmada em parte;A
12254;Sentença desconstituída;A
12255;Redistribuição por prevenção;A
12256;Continência;A
12257;Definição de tese jurídica em incidentes repetitivos;A
12258;Emissão de juízo de retratação pelo Órgão Julgador;A
12259;Prescrição intercorrente (art. 921, § 4º, CPC);A
12260;Autos restaurados;A
12261;Emenda a inicial;A
12263;Intimação;A
12264;Eletrônica;A
12265;Expedida/certificada;A
12266;Confirmada;A
12267;Em audiência;A
12268;Em Secretaria;A
12269;Desentranhamento;A
12270;Documento;A
12271;Petição;A
12272;Declinada a competência;A
12273;Convertido em diligência;A
12274;Sobrestado;A
12275;Retificado;A
12276;Cumprimento da pena;A
12277;Início;A
12278;Fim;A
12280;Interrupção;A
12281;Comunicação eletrônica;A
12282;Expedida/Certificada;A
12283;Confirmada;A
12284;Citação;A
12285;Em Secretaria/Comparecimento Espontâneo;A
12286;Eletrônica;A
12287;Expedida/Certificada;A
12288;Confirmada;A
12289;Cancelamento;A
12290;Documento Expedido;A
12291;Movimentação processual;A
12292;Ato cumprido pela parte ou interessado;A
12293;Ato cumprido pela parte ou interessado (sem atributo);A
12294;Comparecimento do Réu/Apenado;A
12295;Depósito de Bens/Dinheiro;A
12296;Registro Processual;A
12297;Atribuição de competência;A
12298;Cancelamento de Dívida Ativa;A
12299;Prorrogação de cumprimento de pena/medida de segurança;A
12300;Nomeação;A
12301;Advogado Voluntário;A
12302;Curador;A
12303;Defensor Dativo;A
12304;Intérprete/Tradutor;A
12305;Outros auxiliares de justiça;A
12306;Perito;A
12307;Decretação de revelia;A
12308;Substituição/Sucessão da Parte;A
12309;Retirada;A
12310;Pauta;A
12311;Pedido de inclusão;A
12312;Retirar pedido de inclusão;A
12313;Pedido de Inclusão em Pauta de Sessão Virtual;A
12314;Pedido de Retirada de Pauta de Sessão Virtual;A
12315;Devolvidos os autos;A
12318;Reconhecimento de prevenção;A
12319;Não conhecimento do pedido;A
12320;Denegação de prevenção;A
12321;Parecer;A
12322;Favorável;A
12323;Favorável em parte;A
12324;Desfavorável;A
12325;Perda do objeto;A
12326;Consulta;A
12327;Respondida;A
12328;Respondida em parte;A
12329;Pedido conhecido em parte e procedente;A
12330;Pedido conhecido em parte e procedente em parte;A
12331;Pedido conhecido em parte e improcedente;A
12332;Prorrogado prazo de conclusão;A
12359;Liminar Prejudicada;A
12387;Decisão de Saneamento e Organização;A
12421;Juízo provisório para medidas urgentes;A
12422;Devolução da carta rogatória ao juízo rogante;A
12425;Unificação de Medidas Socioeducativas;A
12427;Agravo em recurso especial ;A
12428;Reclamação;A
12429;Embargos de Divergência;A
12430;Arquivamento;A
12431;Embargos ;A
12432;Afetação;A
12433;Conjunto Agravo e Recurso Especial;A
12434;Conhecimento para dar provimento ao Recurso Especial ;A
12435;Conhecimento para negar provimento ao recurso especial;A
12436;Conhecimento para não conhecer do Recurso Especial;A
12438;conhecimento para dar parcial provimento ao recurso especial;A
12439;conhecimento para conhecer em parte o recurso especial e dar provimento ;A
12440;conhecimento para conhecer em parte o recurso especial e negar provimento;A
12441;Conhecimento para conhecer o recurso especial;A
12442;conhecimento para conhecer em parte o recurso especial ;A
12443;conhecimento em parte para dar provimento ao recurso especial;A
12444;deferimento;A
12445;Recurso Ordinário;A
12446;Afetação tornada sem efeito;A
12448;Demonstração de existência de repercussão geral e  manifestação sobre a questão constitucional;A
12450;impugnação à execução;A
12451;Procedência;A
12452;procedência parcial;A
12453;improcedência;A
12454;Pedido de Uniformização de Interpretação de Lei;A
12455;Indeferimento;A
12456;Recurso Ordinário;A
12457;Expedição de precatório/rpv;A
12458;Não conhecimento do habeas corpus;A
12459;Prejudicado;A
12467;Desistência de pedido;A
12472;Devolução dos autos à origem ;A
12473;agravo em recurso especial ;A
12474;Distribuição;A
12475;Habeas Corpus de ofício;A
12476;Medida Protetiva da Lei Maria da Penha Determinada por Autoridade Policial;A
12477;Não-Homologação;A
12479;Medida Protetiva da Lei Maria da Penha Determinada por Autoridade Policial;A
12522;Auxiliar da Justiça;A
12523;Conciliador;A
12524;Juiz Leigo;A
12525;Mediador;A
12526;Conciliação;A
12527;Mediação;A
12528;Conciliação;A
12529;Decisão;A
12530;Conciliação;A
12531;Frutífera;A
12532;Infrutífera;A
12533;Frutífera;A
12534;Infrutífera;A
12535;Frutífera;A
12536;Infrutífera;A
12539;Infrutífera;A
12540;Frutífera;A
12548;Expedição de alvará de levantamento;A
12606;Remessa negociação consumidor.gov.br;A
12607;Recebimento negociação consumidor.gov.br;A
12608;Parcial;A
12609;Parcial;A
12610;Parcial;A
12611;Parcial;A
12614;Remessa para o CEJUSC ou Centros de Conciliação/Mediação;A
12616;Composição Civil dos Danos;A
12619;Recebimento do CEJUSC ou Centros de Conciliação/Mediação;A
12621;Recebimento no CEJUSC ou Centros de Conciliação/Mediação;A
12622;Remessa para Câmara de Conciliação/Mediação;A
12623;Recebimento de Câmara de Conciliação/Mediação;A
12624;Audiência do art. 334 CPC;A
12646;Determinada a Redistribuição;A
12647;Mantida a Distribuição do Processo;A
12648;Determinação de Diligência;A
12649;Homologação do Pedido;A
12650;Não Homologado o Pedido;A
12651;Contas Não Prestação;A
12652;Contas Aprovadas;A
12653;Contas Desaprovadas;A
12654;Contas Aprovadas com Ressalvas;A
12655;Identificada Possível Dissidência Partidária;A
12657;Partido Movimentado;A
12658;Sistema de Candidaturas Fechado;A
12659;Totalização de Eleições Efetuada;A
12660;Deferimento do Pedido de Registro de Candidatura;A
12661;Impugnação do Registro de Candidatura;A
12662;Cassação do Registro de Candidatura;A
12663;Cancelamento do Pedido de Registro de Candidatura;A
12664;Movimentar Partido;A
12666;Procedência da Impugnação (Registro Deferido);A
12667;Procedência da Impugnação (Registro Indeferido);A
12668;Procedência em Parte da Impugnação (Registro Deferido);A
12669;Procedência em Parte da Impugnação (Registro Indeferido);A
12670;Procedência em Parte da Impugnação (Registro Cancelado);A
12672;Procedência em Parte da Impugnação (Registro Cassado);A
12673;Não-Procedência da Impugnação (Registro Deferido);A
12674;Não-Procedência da Impugnação (Registro Indeferido);A
12675;Não-Procedência da Impugnação (Registro Cancelado);A
12676;Não-Procedência da Impugnação (Registro Cassado);A
12677;Procedência da Impugnação (Registro Cancelado);A
12678;Registro de Candidatura;A
12679;Provimento (Registro Deferido);A
12680;Provimento (Registro Indeferido);A
12681;Provimento (Registro Cancelado);A
12682;Provimento (Registro Cassado);A
12683;Provimento (Registro Sem Julgamento);A
12684;Provimento em Parte (Registro Deferido);A
12685;Provimento em Parte (Registro Indeferido);A
12686;Provimento em Parte (Registro Cancelado);A
12687;Provimento em Parte (Registro Cassado);A
12688;Provimento em Parte (Registro Sem Julgamento);A
12689;Não-Provimento (Registro Deferido);A
12690;Não-Provimento (Registro Indeferido);A
12691;Não-Provimento (Registro Cancelado);A
12692;Não-Provimento (Registro Cassado);A
12693;Não-Provimento (Registro Sem Julgamento);A
12694;Acolhimento (Registro Deferido);A
12695;Acolhimento (Registro Indeferido);A
12696;Acolhimento (Registro Cancelado);A
12697;Acolhimento (Registro Cassado);A
12698;Acolhimento (Registro Sem Julgamento);A
12699;Não-Acolhimento (Registro Deferido);A
12700;Não-Acolhimento (Registro Indeferido);A
12701;Não-Acolhimento (Registro Cancelado);A
12702;Não-Acolhimento (Registro Cassado);A
12703;Não-Acolhimento (Registro Sem Julgamento);A
12709;Registro de Candidatura;A
12710;Anulação de Acórdão (Registro Deferido);A
12711;Anulação de Acórdao (Registro Indeferido);A
12712;Anulação de Acórdão (Registro Cancelado);A
12713;Anulação de Acórdão (Registro Cassado);A
12714;Anulação de Acórdão (Registro Sem Julgamento);A
12715;Não Conhecimento (Registro Deferido);A
12716;Não Conhecimento (Registro Indeferido);A
12717;Não Conhecimento (Registro Cancelado);A
12718;Não Conhecimento (Registro Cassado);A
12719;Não Conhecimento (Registro Sem Julgamento);A
12720;Negação de Seguimento (Registro Deferido);A
12721;Negação de Seguimento (Registro Indeferido);A
12722;Negação de Seguimento (Registro Cancelado);A
12723;Negação de Seguimento (Registro Cassado);A
12724;Negação de Seguimento (Registro Sem Julgamento);A
12733;Homologação do Acordo de Não Persecução Penal;A
12734;Revogação do Acordo de Não Persecução Penal;A
12735;Cumprimento de ANPP;A
12736;Unificação de Processos de Execução;A
12737;Revogação da Suspensão Condicional do Processo;A
12738;Homologação de Transação Penal;A
12739;Admonitória;A
12740;de Conciliação;A
12741;de Acolhimento;A
12742;de Custódia;A
12743;de Interrogatório;A
12744;de Justificação;A
12745;do art. 16 da Lei 11.340;A
12746;em Execução;A
12747;Inicial;A
12749;de Instrução;A
12750;de Instrução e Julgamento;A
12751;de Julgamento;A
12752;de Mediação;A
12753;Preliminar;A
12765;Envio para Juízo de Retratação ;A
12766;Por Divergência de Entendimento com o STF;A
12767;Por Divergência de Entendimento com STJ;A
12768;Manutenção de Acórdão;A
12769;Desclassificação de Delito;A
12792;Procedência da Impugnação (Registro Cassado);A
14091;Devolvidos os autos após Pedido de Vista;A
14092;Voto;A
14093;Voto do Relator;A
14094;Voto Divergente Vencedor;A
14095;Outros Votos;A
14096;Audiência Pública;A
14099;Homologação de Acordo em Execução ou em Cumprimento de Sentença;A
14210;Indeferimento do Pedido de Registro de Candidatura;A
14211;Homologação da Renúncia ao Registro de Candidatura;A
14212;Sistema de Candidaturas Reaberto;A
14213;Acolhimento em Parte (Registro Deferido);A
14214;Acolhimento em Parte (Registro Indeferido);A
14215;Acolhimento em Parte (Registro Cancelado);A
14216;Acolhimento em Parte (Registro Cassado);A
14217;Acolhimento em Parte (Registro sem Julgamento);A
14218;Anulação de Sentença (Registro Sem Julgamento);A
14219;Contas Regularizadas;A
14231;Impugnação ao Cumprimento de Sentença;A
14232;Acolhimento;A
14233;Não-Acolhimento;A
14234;Acolhimento em Parte;A
14235;Rejeição;A
14680;Exequatur;A
14681;Descumprimento de Medida Protetiva da Lei Maria Penha;A
14682;Medida Cautelar Diversa da Prisão;A
14683;Medida Cautelar Diversa da Prisão;A
14702;Incidente ou Cautelar - Procedimento Resolvido;A
14732;Conversão de Autos Físicos em Eletrônicos;A
14736;Inclusão no Juízo 100% Digital;A
14737;Exclusão do Juízo 100% Digital;A
14738;Retificação de Classe Processual;A
14739;Evolução da Classe Processual;A
14776;Homologação em Parte;A
14777;Sentença Estrangeira;A
14778;Sentença Estrangeira;A
14848;Ausência de Requerimento Administrativo Prévio;A
14901;Perícia;A
14903;Determinada/Designada;A
14904;Agendada;A
14905;Realizada;A
14906;Cancelada;A
14907;Reagendada;A
14908;Não Realizada;A
14937;Acolhimento da Justificativa do Mesário Faltoso ou Dispensa de Multa;A
14961;Erro ou Recusa na Comunicação;A
14968;Por Incidente de Assunção de Competência - IAC;A
14969;Por Grupo de Representativos;A
14970;Por Controvérsia;A
14971;Por Ação de Controle Concentrado de Constitucionalidade;A
14972;Por Decisão do Presidente do TST - SIRDR;A
14973;Por Recurso de Revista Repetitivo;A
14974;Levantamento da Causa Suspensiva ou de Sobrestamento;A
14975;Suspensão/Sobrestamento por Recurso Extraordinário com Repercussão Geral;A
14976;Suspensão/Sobrestamento por Recurso Especial Repetitivo;A
14977;Suspensão/Sobrestamento Determinada por Decisão do Presidente do STF - SIRDR;A
14978;Suspensão/Sobrestamento Determinada por Decisão do Presidente do STJ - SIRDR;A
14979;Suspensão/Sobrestamento Determinada por Incidente de Assunção de Competência - IAC;A
14980;Suspensão/Sobrestamento Determinada por Grupo de Representativos;A
14981;Suspensão/Sobrestamento Determinada por Controvérsia;A
14982;Suspensão/Sobrestamento Determinada por Ação de Controle Concentrado de Constitucionalidade  - STF;A
14983;Suspensão/Sobrestamento Determinada por Decisão do Presidente do TST - SIRDR;A
14984;Suspensão/Sobrestamento Determinada por Recurso de Revista Repetitivo;A
14985;Suspensão/Sobrestamento por Incidente de Resolução de Demandas Repetitivas;A
14997;Arquivamento Provisório - Aguardando Captura de Réu Condenado;A
14998;Arquivamento Provisório - Adolescente Aguardando Apreensão;A
14999;Iniciada Tramitação Direta entre MP e Autoridade Policial;A
15000;Finalizada Tramitação Direta entre MP e Autoridade Policial;A
15009;Por Impedimento ou Suspeição;A
15021;Destaque para Julgamento Presencial;A
15022;Rejeição de Justificativa do Mesário Faltoso ou Manutenção de Multa;A
15023;DRAP Deferido;A
15024;DRAP Indeferido;A
15025;Revogação da Transação Penal;A
15026;Cancelamento de Inscrição Eleitoral;A
15027;Manutenção da Inscrição Eleitoral;A
15028;Acolhimento de Pedido de Inclusão em Lista Especial;A
15029;Indeferimento de Pedido de Inclusão em Lista Especial;A
15030;Cancelamento de Filiação Partidária;A
15032;Manutenção da Prisão Preventiva;A
15045;Audiência de Apresentação de Adolescente;A
15049;Audiência Concentrada Protetiva;A
15050;Audiência Concentrada Infracional;A
15057;Admissão de Recurso de Embargos à SDI/TST;A
15058;Admissão de Recurso de Embargos à SDC/TST;A
15059;Não Admissão de Recurso de Embargos à SDI/TST;A
15060;Não Admissão de Recurso de Embargos à SDC/TST;A
15061;Impugnação aos Cálculos de Liquidação;A
15062;Acolhimento;A
15063;Acolhimento em Parte;A
15064;Não Acolhimento;A
15065;Não Admissão;A
15067;REsp Sobrestado por Possível Prejudicialidade de RE;A
15078;Substituição de Medida Socioeducativa;A
15079;Suspensão de Medida Socioeducativa;A
15080;Reavaliação de Medida Socioeducativa;A
15081;Busca e Apreensão de Adolescente;A
15082;Revogação de Internação de Adolescente;A
15083;Manutenção de Internação Provisória;A
15084;Desinternação de Adolescente;A
15085;Emenda à Inicial;A
15086;Deferimento em Parte;A
15092;Registro de Candidatura;A
15093;Cancelamento de Diplomação;A
15094;Pendência de Diplomação;A
15095;Diplomação;A
15096;Alteração da Declaração de Bens;A
15097;Alteração do Nome para Urna;A
15098;Alteração da Foto;A
15099;Alteração do Número do Candidato;A
15100;Alteração da Data de Nascimento do Candidato;A
15101;Conclusão;A
15102;Sessão Restaurativa;A
15103;Gratuidade da Justiça;A
15157;Registro de Falecimento;A
15158;Registro de Renúncia;A
15162;Acolhimento de Embargos de Declaração;A
15163;Acolhimento em Parte de Embargos de Declaração;A
15164;Não Acolhimento de Embargos de Declaração;A
15165;Resolução Aprovada;A
15166;Resolução Desaprovada;A
15168;De Liquidação, Cumprimento de Sentença ou Execução por Nulidade da Fase de Conhecimento ;A
15183;Pedido de Uniformização de Interpretação de Lei;A
15185;Cooperação Judiciária;A
15186;Cooperação Judiciária;A
15188;Audiência de Depoimento Especial;A
15200;Manutenção da Medida Socioeducativa;A
15201;Homologação do Plano Individual de Atendimento (PIA);A
15202;Determinação de Alteração ou Complementação do Plano Individual de Atendimento (PIA);A
15203;Manutenção de Sentença/Decisão Anterior - Infância e Juventude;A
15204;Não Localização do Adolescente;A
15205;Manutenção de Acolhimento Institucional/em Família Acolhedora;A
15206;Desacolhimento Institucional/de Família Acolhedora;A
15207;Aproximação de Pretendente à Adoção;A
15208;Aproximação de Pretendente à Adoção;A
15209;Busca Ativa para Adoção;A
15210;Busca Ativa para Adoção;A
15211;Procedência do Pedido com Aplicação de Medida Socioeducativa;A
15212;Procedência do Pedido sem Aplicação de Medida Socioeducativa;A
15213;Procedência em Parte do Pedido com Aplicação de Medida Socioeducativa;A
15214;Procedência em Parte do Pedido sem Aplicação de Medida Socioeducativa;A
15216;Determinação de Citação;A
15223;Prejudicado o Pedido;A
15225;Indicação de Recurso como Representativo de Controvérsia;A
15226;Rejeição de Recurso Como Representativo de Controvérsia;A
15227;Reconsideração de Recurso como Representativo de Controvérsia;A
15229;Indeferimento de Internação;A
15230;Provisória;A
15231;Sanção;A
15232;Manutenção da Internação;A
15233;Sanção;A
15234;Sem Reinício de Prazo;A
15235;Com Reinício de Prazo;A
15238;Homologação de Acordo ou Transação;A
15244;Homologação de Acordo Parcial em Execução ou em Cumprimento de Sentença;A
15245;Unificação de Medida Socioeducativa;A
15246;Não Confirmada;A
15247;Por Expedição de Precatório;A
15248;Por Expedição de RPV;A
15249;Morte do Adolescente/Socioeducando;A
15250;Aplicação de Pena Privativa de Liberdade ao Adolescente/Socioeducando;A
15251;Condição de Doença Grave do Adolescente/Socioeducando;A
15252;Extinção do processo de execução de medida socioeducativa em razão da perda do caráter pedagógico;A
15253;Concessão de Remissão a Adolescente com Extinção do Processo;A
15254;Justiça Restaurativa;A
15255;Sem Medida Socioeducativa;A
15256;Liberdade Assistida;A
15257;Prestação de Serviços à Comunidade;A
15258;Reparação de Dano;A
15259;Advertência;A
15260;Homologada a Remissão;A
15261;Justiça Restaurativa;A
15262;Sem Medida Socioeducativa;A
15263;Liberdade Assistida;A
15264;Prestação de Serviços à Comunidade;A
15265;Reparação do Dano;A
15266;Advertência;A
15322;Extinção da Pena - Cumprimento de Sursis;A
15366;Acolhimento em Parte de Exceção de Pré-Executividade;A
15408;Não Conhecimento de Embargos de Declaração;A
15409;Não Conhecimento de Embargos de Declaração;A
15413;Ação Coletiva;A
15414;Ação Coletiva;A
15415;Incidente de Resolução de Demandas Repetitivas do TST;A
15416;Suspensão/Sobrestamento por Incidente de Resolução de Demandas Repetitivas do TST;A
15417;Migração de Sistema Eletrônico;A
15418;Por Divergência de Entendimento com TST;A
15419;Por Divergência de Entendimento com TNU;A
15420;Acolhimento de Proposta de Afetação;A
15421;Rejeição de Proposta de Afetação;A
15422;Suspensão para Submissão de Proposta de Afetação;A
15424;Não Homologação de ANPP;A
15425;Aguardando Apresentação ou Captura de Desertor;A
15426;Captura ou Apresentação de Desertor;A
15427;Audiência de Admoestação;A
15486;Medida Protetiva da Lei Maria da Penha;A
15487;Medida Protetiva da Lei Maria da Penha;A
15488;Medida Protetiva da Lei Maria da Penha;A
15489;Medida Protetiva da Lei Maria da Penha;A
15490;Prorrogação de Medida Protetiva da Lei Maria da Penha;A
15491;Medida Protetiva da Lei Henry Borel;A
15492;Medida Protetiva da Lei Henry Borel;A
15493;Medida Protetiva da Lei Henry Borel;A
15494;Medida Protetiva da Lei Henry Borel;A
15495;Prorrogação de Medida Protetiva da Lei Henry Borel;A
15496;Medida de Proteção do Estatuto do Idoso;A
15497;Medida de Proteção do Estatuto do Idoso;A
15498;Medida de Proteção do Estatuto do Idoso;A
15499;Medida de Proteção do Estatuto do Idoso;A
15500;Prorrogação de Medida de Proteção do Estatuto do Idoso;A
15501;Medida de Proteção do Estatuto da Criança e do Adolescente;A
15502;Medida de Proteção do Estatuto da Criança e do Adolescente;A
15503;Medida de Proteção do Estatuto da Criança e do Adolescente;A
15504;Medida de Proteção do Estatuto da Criança e do Adolescente;A
15505;Prorrogação de Medida de Proteção do Estatuto da Criança e do Adolescente;A
15506;Medida de Proteção da Lei 13.431/2017;A
15507;Medida de Proteção da Lei 13.431/2017;A
15508;Medida de Proteção da Lei 13.431/2017;A
15509;Medida de Proteção da Lei 13.431/2017;A
15510;Prorrogação de Medida de Proteção da Lei 13.431/2017;A
15530;Iniciada Tramitação Interna do PIC do MP;A
15531;Finalizada Tramitação Interna do PIC no MP;A
15538;Menagem;A
15539;Menagem-Liberdade;A
15540;Menagem-Prisão;A
15541;Menagem;A
15542;Menagem;A
12021;Decurso de Prazo;
11388;Juntada de Petição;
12246;Expedição de Termo;
12093;Disponibilizado no DJE;
12489;Ato Ordinatório (Prorrogação de Prazo);
12513;Juntada de AR/MP/Defensoria - Carta Precatória;
11883;Juntada de Mandado;A
11010;Conclusos para Despacho;A
198;Baixa Definitiva;A
11383;Juntada de Ofício;A
11884;Juntada de Petição de Juntada de Documentos;A
581;Juntada;A
12247;Expedição de Ofício;A
11013;Conclusos para Sentença;A
